{
  "compute_tier": "T4",
  "limits": {
    "ifeval": 30,
    "gsm8k": 30,
    "mmlu": 100,
    "alpaca_lite": 50
  },
  "metrics": {
    "IFEval": {
      "sft": 0.3333333333333333,
      "dpo": 0.3
    },
    "GSM8K": {
      "sft": 0.7,
      "dpo": 0.7333333333333333
    },
    "MMLU": {
      "sft": NaN,
      "dpo": NaN
    },
    "AlpacaEval-lite": {
      "sft": 0.5,
      "dpo": 0.51
    }
  },
  "deltas": {
    "IFEval": -0.033333333333333326,
    "GSM8K": 0.033333333333333326,
    "AlpacaEval-lite": 0.010000000000000009
  }
}